Тип изделия,Номер ТУ,группа
ИФК-75,ЮЩ3.374.152ТУ,Лампы для сигнализации
СК-110-1,АГСР.433220.001ТУ,Лампы для сигнализации
"СК-0,02",ОД0.337.124ТУ,Лампы для сигнализации
СК-220,АГСР.433220.002ТУ,Лампы для сигнализации
СК-4,ОД0.337.103ТУ,Лампы для сигнализации
СП-1,ЮЩ3.374.094ТУ,Лампы для сигнализации
СК-110,АГСР.433220.001ТУ,Лампы для сигнализации
ИСК200,ЮЩ3.374.173ТУ,Лампы для оптической локации и стробоскопии
ИСШ400М,ЮЩ3.337.007ТУ,Лампы для оптической локации и стробоскопии
ИСШ7,ЮЩ3.374.042ТУ,Лампы для оптической локации и стробоскопии
